Country,State,City,Society,Home Page,Facebook,Email,LogoFileName,Member
DK,,Aalborg,Aalborg Blues Forum,,https://facebook.com/Aalborg-Blues-Forum-119852678027015/,,aalborg.jpg,N
AU,SA,Adelaide,Adelaide Roots and Blues Association,http://adelaiderootsandblues.org,https://facebook.com/adelaiderootsandblues,mickyoung1968@gmail.com,adelaiderootsbluesassociation.jpg,Y
US,Alabama,Northport,Alabama Blues Project,http://alabamablues.org,https://facebook.com/alabamabluesproject,info@alabamablues.org,alabamabluesproject.jpg,Y
US,Alaska,Anchorage,Alaska Blues Society,,https://facebook.com/alaskabluessociety,jennabourgeois69@gmail.com,alaska.jpg,N
US,Florida,Saint Augustine,Ancient City Blues Society,,https://facebook.com/Ancient-City-Blues-Society-291954124174682,ancientcityblues@yahoo.com,ancientcity.jpg,N
US,Michigan,Ann Arbor,Ann Arbor Blues Society,http://a2bluessociety.com,https://facebook.com/A2Blues/,,annarbor.jpg,N
US,Arkansas,Little Rock,Arkansas River Blues Society,http://arkansasriverblues.com,https://facebook.com/ArkansasRiverBluesSociety,arkansasblues@gmail.com,arkansasriverbluessociety.jpg,Y
US,Oregon,Ashland,Ashland Blues Society,http://ashlandblues.org,https://facebook.com/ashlandbluessociety/,ashlandblues@gmail.com,ashland.jpg,Y
US,Georgia,Tucker,Atlanta Blues Society,http://atlantabluessociety.org,https://facebook.com/atlantabluessociety,theatlantabluessociety@gmail.com,atlanta.jpg,Y
NZ,,Auckland,Auckland Blues Music Club,http://abmc.co.nz,https://facebook.com/auckbluesmusicclub,,auckland.jpg,Y
US,Texas,Austin,Austin Blues Society,http://austinbluessociety.org,https://facebook.com/groups/austinbluessociety/,ed.matyas@austinbluessociety.org,austin.jpg,Y
DE,,Eutin,Baltic Blues,http://bluesfest-eutin.de,https://facebook.com/Bluesfest-Eutin-1537652706508629/,kreativkonkret@t-online.de,eutin.jpg,N
US,Maryland,Baltimore,Baltimore Blues Society,http://mojoworkin.com,https://facebook.com/BaltimoreBluesSociety,bob@mojoworkin.com,baltimoreblues.jpg,Y
ID,,Bandung,Bandung Blues Society,,https://facebook.com/Bandung-Blues-Society-346751362012606,,bandung.jpg,N
ES,,Barcelona,Barcelona Blues Society,http://societatbluesbarcelona.org,https://facebook.com/societat.barcelona,info@societatbluesbarcelona.org,barcelona.jpg,Y
US,Louisiana,Baton Rouge,Baton Rouge Blues Society,http://brbluessociety.com,https://facebook.com/Baton-Rouge-Blues-Society-184691444877738/,dkling69@gmail.com,batonrouge.jpg,Y
AU,NSW,Wagga Wagga,Bidgee Blues,,https://facebook.com/bidgee.blues,,bidgee.jpg,N
US,Florida,Tallahassee,Big Bend Blues Society,http://bigbendblues.wix.com/society,https://facebook.com/Big-Bend-Blues-Society-906774669396708/,bigbendblues@yahoo.com,bigbend.jpg,N
US,Pennsylvania,Hughesville,Billtown Blues Association,http://billtownblues.org,https://facebook.com/billtownblues,bmtallman@aol.com,billtownblues.jpg,Y
US,South Dakota,Rapid City,Black Hills Blues Society,,https://facebook.com/Blackhillsblues,,blackhills.jpg,N
US,Ohio,Toledo,Black Swamp Blues Society,http://blackswampbluessociety.org,https://facebook.com/Black-Swamp-Blues-Society-211604995681680,blackswampbluessociety@gmail.com,blackswamp.jpg,Y
SE,,Halmstad,Blue Heart Blues,http://blueheartblues.com,https://facebook.com/BlueHeartBlues/,,blueheart.jpg,N
US,Virginia,Roanoke,Blue Ridge Blues Society,http://blueridgeblues.org,https://facebook.com/groups/76979827804/,bellablue22@verizon.net,blueridge.jpg,Y
US,Florida,Port Saint Lucie,Blues Alliance of the Treasure Coast,http://bluesalliance.org,https://facebook.com/bluesalliance,pattivibraphone@aol.com,treasurycoast.jpg,Y
MX,,Ixtapa-Zihuatanejo,Blues Appreciation Society - MX Chapter,,https://facebook.com/BluesRockMX/,,Ixtapa.jpg,N
PH,,Makati,Blues Asia Network,,https://facebook.com/BluesAsia,bluesasia@gmail.com,bluesasia.jpg,N
CH,,Geneva,Blues Association of Geneva,http://bagblues.ch,https://facebook.com/bagblues,info@bagblues.ch,bluesassociationofgeneva.jpg,N
AU,Queensland,Indooroopilly Centre,Blues Association of South East Queensland,http://baseqbrisbane.com,https://facebook.com/Blues-Association-of-South-East-Queensland-122699901086033,president@baseqbrisbane.com,southqueensland.jpg,N
US,Illinois,Bloomington,Blues Blowtorch Society,http://bluesblowtorch.org,https://facebook.com/BluesBlowtorchSociety,SteveTheHarp@aol.com,bluesblowtorch.jpg,Y
LU,,Heisdorf,Blues Club Luxembourg,http://bluesclub.lu,https://facebook.com/Blues-Club-Letzebuerg-288866297797768,ralphson@bluesclub.lu,letzebuerg.jpg,N
GR,,Athens,Blues GR,http://blues.gr,https://facebook.com/Blues.Gr,,bluesgr.jpg,N
US,Ohio,Marietta,Blues Jazz and Folk Music Society,http://bjfm.org,https://facebook.com/The-Blues-Jazz-and-Folk-Music-Society-of-the-Mid-Ohio-Valley-254568794439,blueshelen@live.com,midohiovalley.jpg,Y
US,California,San Diego,Blues Lovers United of San Diego,http://blusd.org,https://facebook.com/BLUSD.org,info@blusd.org,bluesloversofsandiego.jpg,Y
IE,,Enniscorthy,Blues Music Society Ireland,,https://facebook.com/bluessocietyireland,,ireland.jpg,N
BE,,Brussels,Blues On Daa Stoazze,http://bluesoandaastoazze.com,https://facebook.com/groups/44272759165/,,stoazze.jpg,N
AR,,Buenos Aires,Blues por AR,,https://facebook.com/BluesPorAR/,,AR.jpg,N
US,Pennsylvania,Steelton,Blues Society of Central Pennsylvania,http://bscpblues.org,https://facebook.com/bscpblues,Bluesmembership@gmail.com,bluessocietyofcentralpa.jpg,Y
NP,,Kathmandu,Blues Society of Nepal,,https://https://www.facebook.com/BluesSocietyNepal/,bluessocietynepal@gmail.com,nepali.jpg,N
US,West Virginia,Weirton,Blues Society of Northern West Virginia,http://bsnwv.com,https://facebook.com/Bsnwv/,tasey_kevin@yahoo.com,northernwestvirginia.jpg,Y
US,Florida,Pensacola,Blues Society of Northwest Florida,,https://facebook.com/BluesSocietyNWFL,bandmaster309@gmail.com,northwestflorida.jpg,Y
US,Nebraska,Omaha,Blues Society of Omaha,http://omahablues.com,https://facebook.com/BluesSocietyOfOmaha,hebegb50@gmail.com,bluessocietyofomaha.jpg,Y
US,Missouri,Springfield,Blues Society of the Ozarks,http://bluessocietyoftheozarks.com,https://facebook.com/BluesSocietyOfTheOzarks,brendaseely56@gmail.com,bluessocietyoftheozarks.jpg,Y
US,Oklahoma,Tulsa,Blues Society of Tulsa,http://bluessocietyoftulsa.com,https://facebook.com/bluessocietyoftulsa,bluessocietyoftulsa@cox.net,bluessocietyoftulsa.jpg,Y
US,Pennsylvania,Aliquippa,Blues Society of Western Pennsylvania,http://bswpa.org,https://facebook.com/bswpa,j.weber@bswpa.org,westernpennsylvania.jpg,Y
TW,,Taipei,Blues Society on Taiwan,,https://facebook.com/groups/bsotaiwan,dcr.bsot@gmail.com,bluessocietyoftawain.jpg,Y
US,Idaho,Boise,Boise Blues Society,http://boiseblues.org,https://facebook.com/BoiseBlues,kjharris@yahoo.com,boisebluessociety.jpg,Y
US,Massachutes,Norwood,Boston Blues Society,http://bostonblues.com,https://facebook.com/Boston-Blues-Society-119292354758915,paulmcneil@msn.com,boston.jpg,Y
BR,,Brasilia,Brazilian Blues Society,,https://facebook.com/SociedadeBlues,,brazil.jpg,N
CA,Ontario,Kincardine,Bruce County Blues Society,http://brucecountyblues.com,https://facebook.com/Bruce-County-Blues-Society-156489257718020,r.clarke@hurontel.on.ca,brucecounty.jpg,Y
BE,,Brussels,Brussels Blues Society,http://brusselsblues.eu,,winne.penninckx@skynet.be,brussels.jpg,N
DK,,Silkeborg,B'Sharp Silkeborg Rhythm & Blues Association,http://bsharp.dk,https://facebook.com/groups/30273274163,,silkeborg.jpg,Y
US,Pennsylvania,Levittown,Bucks County Blues Society,http://buckscountybluessociety.org,https://facebook.com/Bucks-County-Blues-Society-297898990229026,,buckscounty.jpg,Y
US,Arkansas,Leslie,Buffalo River Blues Society,,https://facebook.com/buffaloriverbluessociety,sdchide@yahoo.com,buffaloriverbluessociety.jpg,Y
CA,Ontario,Windsor,CA South Blues Society,http://bluessociety.ca,https://facebook.com/CA-South-Blues-Museum-282470875107309,Didier@placeconcorde.org,CAsouth.jpg,Y
CA,Ontario,Chatham-Kent,CA South Blues Society Chathem-Kent,http://CAsouthbluessocietyck.blogspot.ca,https://facebook.com/CASouthBluesSocietyChathamKent,rchristmas@xplornet.ca,CAsouthchathamkent.jpg,N
CA,British Columbia,Vancouver,Canadian Pacific Blues Society,http://canadianpacificblues.com,https://facebook.com/pg/canadianpacificpblues,,canadianpacific.jpg,N
AU,ACT,Canberra,Canberra Blues Society,http://canberrabluessociety.com.au,https://facebook.com/canberrabluessociety,contact@canberrabluessociety.com.au,canberra.jpg,N
US,North Carolina,Wilmington,Cape Fear Blues Society,http://capefearblues.org,https://facebook.com/CapeFearBlues,info@capefearblues.org,capefearblues.jpg,Y
US,Michigan,Okemos,Capital Area Blues Society,http://capitalareablues.org,https://facebook.com/CABSblues,cabsblues@gmail.com,capitalareablues.jpg,Y
US,New York,Albany,Capital Region Blues Network,http://crbn.org,https://facebook.com/bluesnetwork,bob@crbn.org,capitalregion.jpg,Y
ES,,Seville,Casa Del Bblues De Sevilla,http://casadelbluesdesevilla.com,https://facebook.com/CasaDelBluesDeSevilla,,seville.jpg,N
US,Oregon,Portland,Cascade Blues Association,http://cascadebluesassociation.org,https://facebook.com/groups/cascadebluesassociation/,slimlively@comcast.net,cascadeblues.jpg,Y
US,Delaware,Magnolia,Central Delaware Blues Society,http://centraldelawareblues.com,https://facebook.com/Central-Delaware-Blues-Society-144143712661763/,centraldelawareblues@comcast.net,centraldeleware.jpg,Y
US,Iowa,Des Moines,Central Iowa Blues Society,http://cibs.org,https://facebook.com/centraliowabluessociety,prez@cibs.org,centraliowablues.jpg,Y
US,Mississippi,Jackson,Central Mississippi Blues Society,http://centralmississippibluessociety.com,https://facebook.com/groups/134758873254380/,prblues@comcast.net,centralmississippi.jpg,Y
US,California,Sacramento,Central Valley Blues Society,http://cvblues.org,https://facebook.com/CentralValleyBluesSociety,,centralvalley.jpg,N
US,Virginia,Nellysford,Central Virginia Blues Society,http://centralvablues.org,https://facebook.com/Central-Virginia-Blues-Society-159772183506,centralvablues@gmail.com,centralvirginia.jpg,Y
US,West Virginia,Charleston,Charleston Blues Society,,https://facebook.com/CHARLESTON-WEST-VIRGINIA-BLUES-SOCIETY-74572610788/,,charlestonwv.jpg,N
US,North Carolina,Charlotte,Charlotte Blues Society,http://charlottebluessociety.org,https://facebook.com/groups/58888876959/,rick@charlottebluessociety.org,charlotte.jpg,Y
US,Illinois,Chicago,Chicago Blues Society,http://chicagobluessociety.org,https://facebook.com/chicagobluessociety,,chicago.jpg,N
US,Wisconsin,Eau Claire,Chippewa Valley Blues Society,http://chippewavalleyblues.com,https://facebook.com/tnblues,memorgan@triwest.net,chippewavalley.jpg,N
FR,,Arras,Ch'ti Blues Society,http://chtibluessociety.com,https://facebook.com/chtibluessociety,,chti.jpg,N
US,Ohio,Cincinnati,Cincy Blues Society,http://cincyblues.org,https://facebook.com/cincyblues,info@cincyblues.org,cincyblues.jpg,Y
US,Ohio,Broadview Hts.,Cleveland Blues Society,http://clevelandblues.org,https://facebook.com/groups/243332670477/,blues@clevelandblues.org,clevelandblues.jpg,Y
US,Florida,Jacksonnville,Coastal Blues Society,http://coastalbluessociety.org,https://facebook.com/coastalbluessociety,mike@mikekaufmann.com,coastal.jpg,N
CA,Ontario,Collingwood,Collingwood Jazz & Blues Society,http://collingwoodjazz.ca,https://facebook.com/CollingwoodJazzandBlues,info@collingwoodjazz.ca,collingwood.jpg,N
CO,,Cali,Colombian Blues Society,http://carloselliotjr.com/CBS,https://facebook.com/ColombianBluesSociety,cobluessociety@yahoo.com,colombianblues.jpg,Y
US,Colorado,Windsor,Colorado Blues Society,http://coblues.com,https://facebook.com/coblues,cjc1951_44@hotmail.com,coloradoblues.jpg,Y
US,Ohio,Columbus,Columbus Blues Alliance,http://columbusblues.com,https://facebook.com/Columbus.Blues.Alliance,colsblues@gmail.com,columbusblues.jpg,Y
US,Connecticut,Enfield,Connecticut Blues Society,http://ctblues.org,https://facebook.com/groups/297066571782/,jakecat39@gmail.com,connecticut.jpg,Y
CR,,Playas del Coco,Costa Rica Blues Society,,https://facebook.com/costaricablues,,costarica.jpg,N
HR,,Zagreb,Croatian Blues Forces,http://croblues.com,https://facebook.com/CroatianBluesForces,hrepa@yahoo.com,croatianbluesforces.jpg,Y
US,Illinois,Byron,Crossroads Blues Society of Illinois,http://crossroads.myfreesites.net,https://facebook.com/groups/crossroadsbluessociety/,sub_insignia@yahoo.com,crossroads.jpg,Y
US,Ohio,Dayton,Dayton Blues Society,http://daytonbluessociety.com,https://facebook.com/daytonbluessociety,Jeff@daytonbluessociety.com,daytonblues.jpg,Y
US,Distric of Columbia,Washington,DC Blues Society,http://dcblues.org,https://facebook.com/The-DC-Blues-Society-102565061281,,dcblues.jpg,Y
US,Illinois,Decatur,Decatur Blues Society,http://decaturblues.org,https://facebook.com/Decatur-Blues-Society-271183220471,Decaturbluessociety@yahoo.com,decatur.jpg,Y
US,Colorado,Englewood,Denver Blues Society,,https://facebook.com/DenverBlues,,denver.jpg,N
US,Michigan,Goodrich,Detroit Blues Society,http://detroitbluessociety.org,https://facebook.com/DetroitBluesSociety,rjspangler@detroitbluessociety.org,detroitblues.jpg,Y
US,Delaware,Middletown,Diamond State Blues Society,http://diamondstateblues.com,https://facebook.com/groups/370701902486/,mrbluz2@aol.com,diamondstate.jpg,Y
NL,,Leiden,Dutch Blues Foundation,http://dutchbluesfoundation.com,https://facebook.com/Dutch-Blues-Foundation-324874810010,office@dutchbluesfoundation.com,dutch.jpg,Y
CA,Nova Scotia,Halifax,East Coast Blues Society,http://eastcoastblues.ca,https://facebook.com/East-Coast-Blues-Society-Sunday-Jam-205569081137,info@eastcoastblues.ca,eastcoast.jpg,Y
CA,Alberta,Edmonton,Edmonton Blues Society,http://edmontonbluessociety.net,https://facebook.com/groups/18944666912/,president@EdmontonBluesSociety.net,edmonton.jpg,Y
EG,,Cairo,Egyptian Blues Society,,https://facebook.com/BluesEgy,,egyptian.jpg,N
US,Texas,El Paso,El Paso Blues Society,,https://facebook.com/El-Paso-Blues-Society-186418554727138,epbluessociety@gmail.com,elpaso.jpg,N
BE,,Brussels,European Blues Union,http://bluesyou.com,https://facebook.com/europeanbluesunion,info@europeanbluesunion.com,europeanbluesunion.jpg,N
FI,,Helsinki,Finnish Blues Society,http://bluesnews.fi,https://facebook.com/Finnish-Blues-Society-Blues-News-Magazine-116160888493616,,finnish.jpg,Y
US,Florida,Jacksonville,First Coast Blues Society,http://firstcoastbluessociety.com,https://facebook.com/firstcoastblues/,firstcoastbluesvp@gmail.com,firstcoast.jpg,Y
US,Montana,Kalispell,Flathead Valley Blues Society,http://flatheadvalleyblues.org/,https://facebook.com/FVBSMissoula,,flatheadvalley.jpg,N
US,Florida,Fort Pierce,Fort Pierce Jazz & Blues Society,,https://facebook.com/Fort-Pierce-Jazz-Blues-Society-132982200067741,info@jazzsociety.org,fortpierce.jpg,N
US,Arkansas,Fort Smith,Fort Smith Riverfront Blues Society,,https://facebook.com/FortSmithRiverfrontBluesFestival,fsmbluesfest@gmail.com,ftsmithriverfront.jpg,Y
FR,,Mantes la Jolie,France Blues,http://franceblues.com,https://facebook.com/franceblues/,president@franceblues.com,france.jpg,Y
CA,British Columbia,Abbotsford,Fraser Valley Blues Society,http://fraservalleybluessociety.com,https://facebook.com/fraservalleybluessociety,info@fraservalleybluessociety.com,fraservalley.jpg,Y
US,Virginia,Fredericksburg,Fredericksburg Blues Society,,https://facebook.com/FredericksburgBluesSociety,fredbluesorg@gmail.com,fredericksburg.jpg,N
US,California,San Francisco,Golden Gate Blues Society,http://tggbs.org,https://facebook.com/TGGBS,info@tggbs.org,godengate.jpg,Y
SE,,Gothenburg,Gothenburg Blues Society,http://gbgblues.se,https://facebook.com/G%C3%B6teborgs-Bluesf%C3%B6rening-official-210706285629363/,,gothenburg.jpg,N
US,Colorado,Winter Park,Grand County Blues Society,http://grandblues.org,https://facebook.com/grandcountyblues,info@grandblues.org,grandcounty.jpg,Y
CA,Ontario,Waterloo,Grand River Blues Society,http://grandriverblues.org,https://facebook.com/Grand-River-Blues-Society-408160155868047,info@grandriverblues.org,grandriver.jpg,Y
US,New Hampshire,Bedford,Granite State Blues Society,http://granitestateblues.org,https://facebook.com/GraniteStateBlues,info@granitestateblues.org,granitestate.jpg,Y
CA,Ontario,London,Great Lakes Blues Society,http://greatlakesbluessociety.com,https://facebook.com/Great-Lakes-Blues-Society-London-Ontario-707088229348776,david@greatlakesbluessociety.com,greatlakes.jpg,Y
US,Wisconsin,Wausau,Great Northern Blues Society,http://gnbs.org,https://facebook.com/Great-Northern-Blues-Society-201681787010,gnbs@gnbs.org,greatnorthern.jpg,Y
US,Ohio,Lima,Greater Allen County Blues Society,,https://facebook.com/groups/235973476460482/,,allen.jpg,N
US,Missouri,West Plaines,Greater Ozarks Blues Society,,https://facebook.com/GreaterOzarksBluesSociety,nathancogden@gmail.com,greaterozarks.jpg,N
US,Alabama,Spanish Ft,Gulf Coast Blues Society,,https://facebook.com/Gulf-Coast-Blues-Society-136012861121,Gcbluessoc@gmail.com,gulfcoast.jpg,Y
CA,Ontario,Hamilton,Hamilton Blues Lovers,http://blueshamilton.blogspot.com,https://facebook.com/blueshamilton,blueshamilton@gmail.com,hamiltonblueslovers.jpg,N
CA,Ontario,Hamilton,Hamilton Blues Society,,https://facebook.com/HamiltonBluesSociety,bigjohnnyblue13@gmail.com,hamiltonbluessociety.jpg,N
NZ,,Hamilton,Hamilton Blues Society,,https://facebook.com/Hamilton-Blues-Society-NZ-156781281003675,,hamiltonbluesnz.jpg,N
US,Hawaii,Honolulu,Hawaii Blues Society,,https://facebook.com/HawaiiBluesSociety,,hawaii.jpg,N
US,Texas,Houston,Houston Blues Society,http://houstonbluessociety.org,https://facebook.com/groups/349570915928,info@houstonbluessociety.org,houston.jpg,Y
US,West Virginia,Barboursville,Huntington Blues Society,http://huntingtonbluessociety.com,https://facebook.com/HuntingtonBluesSociety/,contact@huntingtonbluessociety.com,huntington.jpg,Y
US,Illinois,Springfield,Illinois Central Blues Club,http://icbluesclub.org,https://facebook.com/groups/175620630362/,mikerapier@sbcglobal.net,illinoiscentral.jpg,Y
US,Iowas,Davenport,Illowa Women in Blues,,https://facebook.com/illowawomeninblues/,,illowa.jpg,N
US,Indiana,Shelbyville,Indiana Blues Preservation Society,,https://facebook.com/IndianaBluesLLC,,indianabluespreservation.jpg,N
US,Indiana,Noblesville,Indy Crossroads Blues Society,,https://facebook.com/IndianaBluesSociety,peastham3@gmail.com,indiana.jpg,Y
US,Washington,Spokane,Inland Empire Blues Society,http://ieblues.org,https://facebook.com/Inland-Empire-Blues-Society-102287286509896,dejablues1@comcast.net,inlandempire.jpg,Y
IE,,Dublin,Irish Blues & Jazz Appreciation Society,,https://facebook.com/IrishBluesJazz,,irelandjazzblues.jpg,N
IL,,Tel Aviv,Israel Blues Society,,https://facebook.com/IsraelBluesSociety,,israel.jpg,Y
US,New Jersey,Red Bank,Jersey Shore Jazz and Blues Foundation,http://jsjbf.org,https://facebook.com/JSJBF,info@jsjbf.org,jerseyshore.jpg,Y
US,Georgia,Atlanta,Jus' Blues Music Foundation,http://jusblues.org/,https://facebook.com/Jus-Blues-Music-Foundation-116657152852/,,jusblues.jpg,N
US,Michigan,Kalamazoo,Kalamazoo Valley Blues Association,http://kvba.org,https://facebook.com/Kzooblues,kvba@kvba.org,kallamazoo.jpg,Y
US,Missouri,Kansas City,Kansas City Blues Society,,https://facebook.com/kansascitybluessociety,kcbluessociety@gmx.com,kansascity.jpg,Y
ID,,Karawang,Karawang Blues Society,,https://facebook.com/karawangbluessociety,,karawang.jpg,N
US,Kentucky,Louisville,Kentuckiana Blues Society,http://kbsblues.org,https://facebook.com/KBSBlues,info@kbsblues.org,kentuckiana.jpg,Y
US,Kentucky,Bowling Green,Kentucky Blues Society,http://kentuckyblues.com,https://facebook.com/groups/kyblues/,kyblues@gmail.com,kentucky.jpg,Y
US,California,Bakersfield,Kern River Blues Society,,https://facebook.com/Kern-River-Blues-Society-179851418545,kernriverbluessociety@gmail.com,kernriver.jpg,N
CA,Ontario,Kingston,Kingston Blues Society,http://kingstonbluessociety.ca,https://facebook.com/groups/kingstonbluessociety,,kingston.jpg,N
CA,British Columbia,Nelson,Kootenay Blues Society,,https://facebook.com/kootenaybluessociety,,kootenay.jpg,N
US,Kentucky,Somerset,Lake Cumberland Blues Society,http://lakecumberlandbluessociety.com,https://facebook.com/lakecumberlandbluessociety,Ron@lakecumberlandbluessociety.com,lakecumberland.jpg,N
US,Missouri,Camdenton,Lake of the Ozarks Blues Society,http://bluessocietyoftheozarks.com,https://facebook.com/BluesSocietyOfTheOzarks,news@lotobs.org,lakeoftheozarks.jpg,Y
US,Nevada,Las Vegas,Las Vegas Blues Society,http://lasvegasblues.org/,https://facebook.com/groups/789569637802971/,,lasvegas.jpg,Y
LV,,LiepÄja,Latvian Blues Appreciation Society,,https://facebook.com/Latblues/,,latvian.jpg,N
AU,Tasmania,Launceston,Launceston Blues Club,http://launcestonbluesclub.org,https://facebook.com/Launceston.Blues.Club/,launcestonbluesclub@yahoo.com.au,launceston.jpg,N
US,Pennsylvania,Leigh Valley,Lehigh Valley Blues Network,http://lvbn.org,https://facebook.com/groups/375847779376/,info@lvbn.org,lehighvalley.jpg,N
US,Iowa,Cedar Rapids,Linn County Blues Society,http://lcbs.org,https://facebook.com/LinnCountyBluesSociety,,linncounty.jpg,Y
US,Iowa,Fort Dodge,Lizard Creek Blues Society,http://lizardcreekblues.org,https://facebook.com/lizardcreekblues,bobwood@frontiernet.net,lizardcreek.jpg,Y
US,New York,Centereach,Long Island Blues Society,http://libsny.com,https://facebook.com/LongIslandBluesSociety,info@liblues.org,longisland.jpg,Y
US,California,South El Monte,Los Angeles Blues Society,http://lablues.org,https://facebook.com/Los-Angeles-Blues-Society-202651736125,info@lablues.org,losangeles.jpg,N
US,South Carolina,Charleston,Lowcountry Blues Club,http://lowcountrybluesclub.blogspot.com,https://facebook.com/LowcountryBluesClub,lowcountrybluesclub@gmail.com,lowcountry.jpg,Y
CA,Ontario,Carrying Place,Loyal Blues Fellowship,http://loyalblues.ca,https://facebook.com/Loyal-Blues-Fellowship-Inc-116422155101492,festival@loyalblues.ca,loyalblues.jpg,N
US,Wisconsin,Madison,Madison Blues Society,http://madisonbluessociety.com,https://facebook.com/Madison-Blues-Society-239198072823140,info@madisonbluessociety.com,madison.jpg,Y
US,Alabama,Birmingham,Magic City Blues Society,http://magiccityblues.org,https://facebook.com/MagicCityBluesSociety,info@magiccityblues.org,magiccity.jpg,Y
US,Maine,Portland,Maine Blues Society,http://mainebluessociety.com,https://facebook.com/MaineBluesSociety,mainebluessoc@gmail.com,maine.jpg,Y
CA,Manitoba,Winnipeg,Manitoba Blues Society,,https://facebook.com/groups/Manitobablues/,,manitoba.jpg,N
US,Michigan,Marquette,Marquette Area Blues Society,http://marquetteareabluessociety.com,https://facebook.com/groups/332200478875/,president@marquetteareabluessociety.org,marquettearea.jpg,Y
US,MA,East Wareham,Massachusetts Blues Society,http://massblues.org,https://facebook.com/groups/86243487340/,president@massblues.org,massachusetts.jpg,Y
MR,,La Gaulette,Mauritius Blues Society,http://mauritius-blues-society.com,https://facebook.com/mauritius.blues.society,chris.evol.prod@gmail.com,mauritius.jpg,N
AU,Victoria,Williamstown,Melbourne Blues Appreciation Society,http://mbas.org.au,https://facebook.com/Melbourne-Blues-Appreciation-Society-108100739233768,president@mbas.org.au,melbourne.jpg,Y
US,Tennessee,Memphis,Memphis Blues Society,http://memphisbluessociety.com,https://facebook.com/memphisbluessociety,president@memphisbluessociety.com,memphis.jpg,Y
US,New Mexico,Las Cruces,Mesilla Valley Jazz & Blues Society,http://mvjazzblues.net,https://facebook.com/mesillavalleyjazzandbluessociety,mvjbs.mail@gmail.com,mesillavalley.jpg,N
US,Colorado,Aurora,Mile High Blues Society,http://milehighbluessociety.com,https://facebook.com/TheMileHighBluesSociety,info@milehighbluessociety.com,milehighblues.jpg,Y
US,Minnesota,Minneapolis,Minnesota Blues Society,http://mnbs.org,https://facebook.com/MnBluesSociety,Info@MnBS.org,minnesota.jpg,Y
US,Mississippi,Indianola,Mississippi Delta Blues Society of Indianola,http://indianolabluessociety.org,https://facebook.com/Mississippi-Delta-Blues-Society-of-Indianola-Inc-405540127624,info@indianolablues.org,indianola.jpg,Y
US,Iowa,Davenport,Mississippi Valley Blues Society,http://mvbs.org,https://facebook.com/TheMississippiValleyBluesSociety,kristy@muddys.info,mississipivalley.jpg,Y
US,Missouri,Jefferson City,MO Blues Association,http://moblues.org,https://facebook.com/mobluesmissouri,webmaster@moblues.org,moblues.jpg,Y
US,New York,New Hartford,Mohawk Valley Blues Society,http://mvblues.org,https://facebook.com/Mohawk-Valley-Blues-Society-285221604984,bjmolinaro@aol.com,mohawkvalley.jpg,N
IT,,Rome,Mojo Station,http://mojostation.net,https://facebook.com/MojoStation,info@mojostation.net,mojostation.jpg,Y
CA,Quebec,Montreal,Montreal Blues Society,http://bluesmontreal.com,https://facebook.com/MontrealBluesSociety,zeb@vl.videotron.ca,montreal.jpg,Y
US,North Dakota,Bismark,Muddy River Blues Society,,https://facebook.com/Muddy-River-Blues-Society-226007500756910,muddyriverblues@hotmail.com,muddyriver.jpg,N
CA,British Columbia,Nanaimo,Nanaimo Blues Society,http://nanaimoblues.ca,https://facebook.com/NanaimoBluesSociety,info@nanaimoblues.ca,nanaimo.jpg,N
US,Tennessee,Nashville,Nashville Blues Society,http://nashvillebluessociety.org,https://facebook.com/Nashville-Blues-Society-129611627049140,info@nashvillebluessociety.org,nashville.jpg,Y
US,Virginia,Norfolk,Natchel Blues Network,http://natchelblues.org,https://facebook.com/NatchelBluesNetwork,president@natchelblues.org,natchel.jpg,Y
US,Louisiana,Marrero,New Orleans Blues Society,http://neworleansbluessociety.com,https://facebook.com/neworleansbluessociety,info@neworleansbluessociety.com,neworleans.jpg,Y
UK,England,Norfolk,Norfolk Blues Society,http://norfolkbluessociety.org.uk,https://facebook.com/norfolkbluessociety.eastanglia,,norfolk.jpg,N
NO,,Oslo,Norsk Blues Union,http://norskbluesunion.no,https://facebook.com/Norsk-Bluesunion-NBU-Norwegian-Blues-Union-274781645875476,post@norskbluesunion.no,norsk.jpg,Y
US,Florida,Gainesville,North Central Florida Blues Society,http://ncfblues.org,https://facebook.com/North-Central-Florida-Blues-Society-23953302288,myname_isrob@yahoo.com,northcentralflorida.jpg,Y
US,Ohio,Alliance,Northeast Ohio Blues Association,http://bluesneoba.org,https://facebook.com/bluesNEOBA,neobablue@yahoo.com,northeastohio.jpg,Y
US,Arizona,Sedona,Northern Arizona Blues Alliance,,https://facebook.com/Northernarizonabluesalliance,NAZBA@northernarizonabluesalliance.org,northernarizona.jpg,Y
AU,WA,Duncraig,Northern Blues N Roots WA,http://northernbluesnrootswa.net,https://facebook.com/NorthernBluesNRootsWa/,cromb@tpg.com.au,northernbluesnroots.jpg,N
US,New York,New York,NYC Blues Society,http://nyblues.org,https://facebook.com/NYC-Blues-Society-162955323739522,,nyc.jpg,N
CA,British Columbia,Kelowna,Okanagan Jazz & Blues Society,http://okanaganjazzblues.org,,,okanagan.jpg,N
US,Oklahoma,Oklahoma City,Oklahoma Blues Society,http://okblues.org,https://facebook.com/okblues,obs@okblues.org,oklahoma.jpg,Y
US,Florida,Orlando,Orange Blossom Blues Society,http://obbs.org,https://facebook.com/Orange-Blossom-Blues-Society-77413748970,obbs4u@gmail.com,orangeblossom.jpg,Y
US,California,Orange,Orange County Blues Society,http://orangecountybluessociety.com,https://facebook.com/OrangeCountyBluesSociety,bluesgonesouth2@aol.com,orangecounty.jpg,Y
NO,,Oslo,Oslo Blues Club,http://osloblues.com,,,osloblues.jpg,Y
CA,Ontario,Ottawa,Ottawa Blues Society,http://ottawabluessociety.com,https://facebook.com/ottawabluessociety,ottawabluessociety@gmail.com,ottawablues.jpg,N
GR,,Athens,Outlaw Blues Society - Greece Chapter,,https://facebook.com/GreeceOutlawBluesSociety/,,outlawgreece.jpg,N
US,Kansas,Wichita,Outlaw Blues Society - Kansas Chapter,http://moodysskidrowbeanery.com,https://facebook.com/Outlaw-Blues-Society-513206478847652,,outlaw.jpg,N
US,Arkansas,Bentonville,Ozark Blues Society of NW Arkansas,http://ozarkbluessociety.org,https://facebook.com/Ozark-Blues-Society-103134739728104/,roger.plourde@gmail.com,ozark.jpg,Y
US,Hawaii,Lahaina,Pacific Blues Society,,https://facebook.com/ThePacificBluesSociety,,pacific.jpg,N
US,Wisconsin,Grafton,Paramount Music Association,http://paramountmusic.org,https://facebook.com/ParamountMusicAssociation,info@paramountmusic.org,paramount.jpg,Y
US,Texas,Paris,Paris Blues Society,,https://facebook.com/Paris-Blues-Society-119704054819,parisbluessociety@yahoo.com,paris.jpg,N
US,Pennsylvania,Philadelphia,Philadelphia Blues Society,http://thephilabluesociety.webs.com,https://facebook.com/The-Philadelphia-Blues-Society-204025902975213,toniwashingtin@yahoo.com,philadelphia.jpg,N
PH,,Quezon City,Phillipine Blues Society,,https://facebook.com/philippine.blues.society,eddiersantos@gmail.com,philippine.jpg,N
US,Arizona,Phoenix,Phoenix Blues Society,http://phoenixblues.org,https://facebook.com/Phoenix-Blues-Society-283092314157,info@phoenixblues.org,phoenix.jpg,Y
CA,Nova Scotia,Pictou,Pictou County Blues Society,http://pictoucountyblues.com,https://facebook.com/groups/126224327443861/,PictouCountyBlues@hotmail.ca,pictou.jpg,N
US,North Carolina,Greensboro,Piedmont Blues Preservation Society,http://piedmontblues.org,https://facebook.com/PBPS85,president@piedmontblues.org,piedmont.jpg,Y
US,Colorado,Colorado Springs,Pikes Peak Blues Community,http://pikespeakblues.org,https://facebook.com/Pikes-Peak-Blues-Community-PPBC-214316531931842,ppbc@pikespeakblues.org,pikespeak.jpg,Y
UK,England,Plymouth,Plymouth Blues Society,,https://facebook.com/plymouthbluessociety,,plymouth.jpg,N
PO,,Warsaw,Polish Blues Association,http://blues.org.pl,https://facebook.com/Polskie-Stowarzyszenie-Bluesowe-292222911882,psb@blues.org.pl,polskie.jpg,N
US,Ohio,Pomeroy,Pomeroy Blues & Jazz Society,,https://facebook.com/Bigbendbluesbash,jackie.welker@gmail.com,pomeroy.jpg,Y
US,Illinois,Champaign,Prairie Crossroads Blues Society,http://prairiecrossroadsblues.org,https://facebook.com/PrairieCrossroadsBlues,prairiecrossroadsblues@gmail.com,prairiecrossroads.jpg,N
US,Oregon,Eugene,Rainy Day Blues Society,http://RainyDayBlues.org,https://facebook.com/rainydayblues,webmaster@rainydayblues.org,rainyday.jpg,Y
US,Nevada,Reno,Reno Blues Society,http://renoblues.org,https://facebook.com/Reno-Blues-Society-142395089152193,treasurer@renoblues.org,reno.jpg,Y
IS,,Reykjavik,Reykjavik Blues Society,http://blues.is/?page_id=26,https://facebook.com/www.blues.is,,iceland.jpg,N
US,Rhode Island,Providence,Rhode Island Rhythm and Blues Preservation Society,http://bluespreservationsociety.org,https://facebook.com/RIRBPS,rirbps@gmail.com,rhodeisland.jpg,Y
US,Indiana,Evansville,River Basin Blues Society,,https://facebook.com/RiverBasinBlues,,riverbasin.jpg,N
US,Illinois,Peoria,River City Blues Society Illinois,,https://facebook.com/RiverCityBluesSociety,bringingtheblues@gmail.com,rivercityil.jpg,Y
US,Virginia,N. Chesterfield,River City Blues Society Virginia,http://rivercityblues.org,https://facebook.com/RCBS-River-City-Blues-Society-107586375947198,rivercityblues@outlook.com,rivercity.jpg,Y
US,New York,Sparkill,Rockland County Jazz & Blues Society,http://rcjbs.org,https://facebook.com/RCJBS,Nrcjbs.org,rocklandcounty.jpg,N
US,North Carolina,Salisbury,Rowan Blues and Jazz Society,,https://facebook.com/Rowan-Blues-and-Jazz-Society-and-Festival-193710587307479/,rbjs1720@carolina.rr.com,rowan.jpg,N
US,Kentucky,Russellville,Russellville Blues Society,http://russellvilleblues.com,https://facebook.com/Russellville-Blues-118220451537374,russellvilleblues@bellsouth.net,russellville.jpg,N
RU,,Moscow,Russian Blues Society,http://blues.ru/eng,,fedor@blues.ru,russia.jpg,N
US,California,Sacramento,Sacramento Blues Society,http://sacblues.com,https://facebook.com/sacblues,marilouon@comcast.net,sacramento.jpg,Y
US,Missouri,St. Louis,Saint Louis Blues Society,http://stlouisbluessociety.org,https://facebook.com/stlbluessociety,jminchey@stlouisbluessociety.org,stlouisblues.jpg,N
US,Texas,San Angelo,San Angelo Blues Society,http://sanangelobluessociety.com,https://facebook.com/San-Angelo-Blues-Society-105530416292946,sanangelobluessociety@gmail.com,sanangelo.jpg,Y
US,Texas,San Antonio,San Antonio Blues Society,http://sanantonioblues.com,https://facebook.com/sanantoniobluessociety,sabluessociety@yahoo.com,sanantonio.jpg,Y
US,California,San Luis Obispo,San Luis Obispo Blues Society,http://sloblues.org,https://facebook.com/SLOBluesSociety,info@sloblues.org,sanluis.jpg,Y
US,California,Santa Barbara,Santa Barbara Blues Society,http://sbblues.org,https://facebook.com/Santa-Barbara-Blues-Society-47171234339,info@sbblues.org,santabarbara.jpg,Y
US,California,Newhall,Santa Clarita Valley Blues Society,http://scvblues.org,https://facebook.com/Santa.Clarita.Valley.Blues.Society,info@scvblues.org,santaclarita.jpg,Y
CA,Saskatchewan,Saskatoon,Saskatoon Blues Society,http://saskatoonbluessociety.ca,https://facebook.com/SaskatoonBluesSociety,info@saskatoonbluessociety.ca,saskatoon.jpg,N
CA,Ontario,Sault Ste. Marie,Sault Blues Society,http://saultblues.com,https://facebook.com/groups/379013953277,,sault.jpg,N
US,Virginia,Big Island,Sedalia Blues Society,http://sedaliacenter.org/?q=JRBS,https://facebook.com/SedaliaBlues2016BluesChallenge,office@sedaliacenter.org,sedalia.jpg,Y
US,California,San Jose,Silicon Valley Blues Society,http://svblues.org,https://facebook.com/SiliconValleyBluesSociety,infomation@svblues.org,siliconvalley.jpg,N
US,South Dakota,Sioux Falls,Sioux Falls Jazz and Blues Society,http://sfjb.org,https://facebook.com/SFJazzBlues,info@sfjb.org,siouxfalls.jpg,N
SK,,Skalica,Slovakblues,http://slovakblues.com,https://facebook.com/slovakbluesassociation/,info@slovakblues.com,slovenska.jpg,N
US,Tennessee,Maryville,Smokey Mountain Blues Society,http://smokymountainblues.com,https://facebook.com/smokymountainbluessociety,pdoka@comcast.net,smokeymountain.jpg,Y
ES,,Madrid,Sociedad de Blues de Madrid,http://sociedaddebluesdemadrid.com,https://facebook.com/sociedaddebluesdemadrid/,,madrid.jpg,N
US,California,Santa Rosa,Sonoma County Blues Society,http://sonomacountybluessociety.org,https://facebook.com/Sonoma-County-Blues-Society-69607681495,,sonoma.jpg,Y
ZA,,Johannesburg,South African Blues Society,,https://facebook.com/sabluessociety,sabluessociety@gmail.com,southafricanblues.jpg,Y
US,Indiana,Nashville,South Central Indiana Blues Society,http://sciblues.org,https://facebook.com/SouthCentralIndianaBluesSociety,info@sciblues.org,southcentralindiana.jpg,Y
US,Mississippi,Greenville,South Delta Blues Society,,https://facebook.com/southdeltabluessociety,,southdeltablues.jpg,N
US,Florida,Coral Springs,South Florida Blues Society,http://soflablues.org,https://facebook.com/South-Florida-Blues-Society-109284189090462,bluesbobby2@aol.com,southflorida.jpg,Y
US,Iowa,Newton,South Skunk Blues Society,http://southskunkblues.org,https://facebook.com/south.skunk.1,ssbs@southskunkblues.org,southskunk.jpg,N
US,Washington,Tacoma,South Sound Blues Association,http://southsoundblues.com,https://facebook.com/South-Sound-Blues-Association-117418861646236,gwgrape47@comcast.net,southsound.jpg,Y
US,Iowa,Fairfield,Southeast Iowa Blues Society,http://southeastiowabluessociety.org,https://facebook.com/Southeast-Iowa-Blues-Society-156893677717370,sibs2010@yahoo.com,southeastiowa.jpg,N
US,Arizona,Tucson,Southern Arizona Blues Heritage Foundation,http://azblues.org,https://facebook.com/Southern-Arizona-Blues-Heritage-Foundation-518406111627080,info@azblues.org,southernarizona.jpg,Y
US,California,Los Alimitos,Southern California Blues Society,,https://facebook.com/SouthernCaliforniaBluesSociety,CadillacZackBand@aol.com,southerncalifornia.jpg,Y
US,Deleware,Georgetown,Southern Delaware Blues Society,,https://facebook.com/coastalblues,,southerndeleware.jpg,N
US,Florida,Matlacha,Southwest Florida Blues Society,http://swfbs.org,https://facebook.com/Southwest-Florida-Blues-Festival-112448572105511,contact-us@swfbs.org,southwestflorida.jpg,Y
US,Arkansas,Hot Springs,Spa City Blues Society,http://spacityblues.org,https://facebook.com/Spa-City-Blues-Society-149486060488,info@spacityblues.org,spacity.jpg,Y
US,Pennsylvania,Phoenixville,Steel City Blues Society,http://pvilleblues.org/scbs/,https://facebook.com/pvillebluesfest,info@pvilleblues.org,phoenixville.jpg,Y
US,Indiana,Kokomo,Stop Light City,,https://facebook.com/Stop-Light-City-Blues-Society-160035304043476,awesomeair@iquest.net,stoplightcity.jpg,N
US,Florida,Tampa,Suncoast Blues Society,http://suncoastblues.org,https://facebook.com/Suncoast-Blues-Society-208523331703,sbs@gailit.com,suncoast.jpg,Y
CA,British Columbia,Gibsons,Sunshine Coast Blues Society,,https://facebook.com/SunshineCoastBluesSociety/,,sunshinecoast.jpg,N
CH,,Basel,Swiss Blues Society,http://swissblues.ch,https://facebook.com/SwissBluesSociety,,swiss.jpg,Y
AU,NSW,Newtown,Sydney Blues Society,http://sydneyblues.org,https://facebook.com/sydneybluessociety,president@sydneyblues.org,sydney.jpg,Y
US,Tennessee,Nashville,Tennessee Blues Society,http://tennesseebluessociety.com,https://facebook.com/Tennessee-Blues-Society-Jam-At-Carol-Anns-213616975338059,ccsjenkins@aol.com,tennessee.jpg,N
US,Tennessee,Nashville,Tennessee Jazz & Blues Society,http://jazzblues.org,https://facebook.com/Tennessee-Jazz-Blues-Society-105131819582755,webmaster@jazzblues.org,tennesseejazzblues.jpg,N
US,Tennessee,Memphis,The Blues Foundation,http://blues.org,https://facebook.com/TheBluesFoundation/,,bluesfoundation.jpg,Y
CA,Ontario,Thunder Bay,Thunder Bay Blues Society,http://thunderbaybluessociety.ca,https://facebook.com/Thunder-Bay-Blues-Society-116239815081077,info@thunderbaybluessociety.ca,thunderbay.jpg,N
US,Kansas,Topeka,Topeka Blues Society,http://topekabluessociety.org,https://facebook.com/Topeka-Blues-Society-274996465907,membership@topekabluessociety.org,topeka.jpg,Y
CA,Ontario,Toronto,Toronto Blues Society,http://torontobluessociety.com,https://facebook.com/TorontoBluesSociety,derekandrews@sympatico.ca,toronto.jpg,Y
FR,,Toulouse,Toulouse Blues Society,http://toulousebluessociety.com,https://facebook.com/toulousebluessociety,,toulouse.jpg,N
US,Michigan,Traverse City,Traverse Bay Blues Society,,https://facebook.com/Traverse-Bay-Blues-Society-376250596099819/,mailto:mail@TraverseBayBlues.org,traversebay.jpg,N
US,North Carolina,Raleigh,Triangle Blues Society,http://triangleblues.com,https://facebook.com/TriangleBluesSociety,trianglebluessociety@gmail.com,triangle.jpg,Y
US,Texas,Dallas,Trinity River Blues Society,http://trinityriverblues.com,https://facebook.com/groups/dfwbs/,lindaburkhart@hotmail.com,trinityriver.jpg,N
UK,Wales,Blackwood,UK Blues Federation,http://ukblues.org,https://facebook.com/UK-Blues-683565461754200/,info@ukblues.org,uk.jpg,Y
US,Utah,Salt Lake City,Utah Blues Society,http://utahbluessociety.org,https://facebook.com/Utah-Blues-Society-1436530796563485,info@utahbluessociety.org,utah.jpg,N
ES,,Valencia,Valencia Blues Society,http://valenciabluessociety.wordpress.com,,xaviermariaperez@yahoo.es,valencia.jpg,Y
US,California,Simi Valley,Ventura County Blues Society,http://venturacountybluessociety.org,https://facebook.com/VCBluesSociety,info@venturacountybluessociety.org,venturacounty.jpg,Y
US,Mississippi,Vicksburg,Vicksburg Blues Society,http://vicksburgblues.net/,https://facebook.com/vicksburg.blues,shirleywaring@vicksburgheritage.com,vicksburg.jpg,Y
CA,British Columbia,Victoria,Victoria Blues Society,http://victoriabluessociety.ca,https://facebook.com/victoriabluessociety,victoriabluessociety@gmail.com,victoria.jpg,N
US,Washington,Walla Walla,Walla Walla Blues Society,http://wwbs.org,https://facebook.com/Walla-Walla-Blues-Society-188609127832595/,pattykeyes@charter.net,wallawalla.jpg,Y
US,Washington,Seattle,Washington Blues Society,http://wablues.org,https://facebook.com/WashingtonBluesSociety,president@wablues.org,washington.jpg,Y
US,Missouri,Washington,Washmo Blues Society,,https://facebook.com/washmoblues,washmoblues@gmail.com,washmo.jpg,N
US,California,Vallejo,West Coast Blues Society,http://westcoastbluessociety.com,https://facebook.com/wcbluessociety,info@westcoastbluessociety.com,westcoast.jpg,N
US,Michigan,Grand Rapids,West Michigan Blues Society,http://wmbs.org,https://facebook.com/West-Michigan-Blues-Society-198161296652,wmbs@mei-inc.com,westmichigan.jpg,Y
US,Tennessee,Somerville,West Tennessee Blues Society,,https://facebook.com/WTBluesSociety,soutlawclark@bellsouth.net,westtennessee.jpg,Y
US,New York,Buffalo,Western New York Blues Society,http://wnyblues.org,https://facebook.com/bluessociety.wny,support@wnyblues.org,westernnewyorkblues.jpg,Y
CA,British Columbia,Surrey,White Rock Blues Society,http://whiterockblues.com,https://facebook.com/White-Rock-Blues-Society-Official-207261256093348,rodneyd@shaw.ca,whiterock.jpg,Y
US,Kansas,Wichita,Wichita Blues Society,http://wichitablues.org,https://facebook.com/Wichita-Blues-Society-137772358587,webmaster@wichitablues.org,wichita.jpg,Y
US,Illinois,Chicago,Windy City Blues Society,http://windycityblues.org,https://facebook.com/WindyCityBluesSociety,windycitybluessociety@gmail.com,windycity.jpg,Y
US,Alabama,Dorthan,Wiregrass Blues Society,http://wiregrassbluessociety.com,https://facebook.com/BluesWiregrass,,wiregrass.jpg,N
US,Wyoming,Evansville,Wyoming Blues & Jazz Society,http://wyobluesandjazz.org,https://facebook.com/Wyoming-Blues-and-Jazz-Society-337163603835,wybluelou@hotmail.com,wyoming.jpg,Y
